{
  "best_epoch": 4,
  "peak_cpu_memory_MB": 37796.1,
  "peak_gpu_0_memory_MB": 1179,
  "training_duration": "07:28:29",
  "training_start_epoch": 0,
  "training_epochs": 13,
  "epoch": 13,
  "training_start_acc": 0.9495770499663239,
  "training_end_acc": 0.9532528910147376,
  "training_span_acc": 0.9164944805305997,
  "training_em": 0.9319626936380553,
  "training_f1": 0.9663074749604026,
  "training_loss": 0.2855364531640082,
  "training_cpu_memory_MB": 37796.1,
  "training_gpu_0_memory_MB": 1179,
  "validation_start_acc": 0.6353831598864711,
  "validation_end_acc": 0.6799432355723747,
  "validation_span_acc": 0.5455061494796594,
  "validation_em": 0.6804162724692526,
  "validation_f1": 0.7867781798804706,
  "validation_loss": 4.333263162396989,
  "best_validation_start_acc": 0.6624408703878902,
  "best_validation_end_acc": 0.6959318826868496,
  "best_validation_span_acc": 0.5706717123935667,
  "best_validation_em": 0.7093661305581835,
  "best_validation_f1": 0.8031511464465697,
  "best_validation_loss": 2.257901991988128
}