{
  "best_epoch": 0,
  "peak_cpu_memory_MB": 5591.428,
  "peak_gpu_0_memory_MB": 1179,
  "training_duration": "00:36:09",
  "training_start_epoch": 0,
  "training_epochs": 0,
  "epoch": 0,
  "training_start_acc": 0.4176760008675898,
  "training_end_acc": 0.4526421534492403,
  "training_span_acc": 0.32899918948846446,
  "training_em": 0.3698900672382105,
  "training_f1": 0.49847419550151184,
  "training_loss": 4.180822997550441,
  "training_cpu_memory_MB": 5591.428,
  "training_gpu_0_memory_MB": 1179,
  "validation_start_acc": 0.6018921475875119,
  "validation_end_acc": 0.6454115421002838,
  "validation_span_acc": 0.5159886471144749,
  "validation_em": 0.6469252601702933,
  "validation_f1": 0.7432377792910425,
  "validation_loss": 2.5961870611838576,
  "best_validation_start_acc": 0.6018921475875119,
  "best_validation_end_acc": 0.6454115421002838,
  "best_validation_span_acc": 0.5159886471144749,
  "best_validation_em": 0.6469252601702933,
  "best_validation_f1": 0.7432377792910425,
  "best_validation_loss": 2.5961870611838576
}