{
  "best_epoch": 4,
  "peak_cpu_memory_MB": 37795.64,
  "peak_gpu_0_memory_MB": 1179,
  "training_duration": "05:21:44",
  "training_start_epoch": 0,
  "training_epochs": 9,
  "epoch": 9,
  "training_start_acc": 0.8668934576878732,
  "training_end_acc": 0.8878183540908001,
  "training_span_acc": 0.8019612096028493,
  "training_em": 0.8419844975399262,
  "training_f1": 0.9212069966812613,
  "training_loss": 0.7298465873144533,
  "training_cpu_memory_MB": 37795.64,
  "training_gpu_0_memory_MB": 1179,
  "validation_start_acc": 0.6457899716177862,
  "validation_end_acc": 0.684484389782403,
  "validation_span_acc": 0.5547776726584673,
  "validation_em": 0.6925260170293283,
  "validation_f1": 0.7927191042607664,
  "validation_loss": 3.0531155203873257,
  "best_validation_start_acc": 0.6624408703878902,
  "best_validation_end_acc": 0.6959318826868496,
  "best_validation_span_acc": 0.5706717123935667,
  "best_validation_em": 0.7093661305581835,
  "best_validation_f1": 0.8031511464465697,
  "best_validation_loss": 2.257901991988128
}