{
  "best_epoch": 4,
  "peak_cpu_memory_MB": 37795.136,
  "peak_gpu_0_memory_MB": 1179,
  "training_duration": "03:14:53",
  "training_start_epoch": 0,
  "training_epochs": 5,
  "epoch": 5,
  "training_start_acc": 0.7347115834655646,
  "training_end_acc": 0.7735476432379365,
  "training_span_acc": 0.6449959474423224,
  "training_em": 0.7023482003219215,
  "training_f1": 0.8269627801373225,
  "training_loss": 1.5861076462078312,
  "training_cpu_memory_MB": 37795.136,
  "training_gpu_0_memory_MB": 1179,
  "validation_start_acc": 0.6556291390728477,
  "validation_end_acc": 0.6873226111636708,
  "validation_span_acc": 0.5632923368022705,
  "validation_em": 0.7017975402081362,
  "validation_f1": 0.796663756961463,
  "validation_loss": 2.332351361580615,
  "best_validation_start_acc": 0.6624408703878902,
  "best_validation_end_acc": 0.6959318826868496,
  "best_validation_span_acc": 0.5706717123935667,
  "best_validation_em": 0.7093661305581835,
  "best_validation_f1": 0.8031511464465697,
  "best_validation_loss": 2.257901991988128
}