{
  "best_epoch": 4,
  "peak_cpu_memory_MB": 37795.548,
  "peak_gpu_0_memory_MB": 1179,
  "training_duration": "04:49:59",
  "training_start_epoch": 0,
  "training_epochs": 8,
  "epoch": 8,
  "training_start_acc": 0.8332629367915159,
  "training_end_acc": 0.8598956609093711,
  "training_span_acc": 0.7593123209169055,
  "training_em": 0.8051347618123494,
  "training_f1": 0.9000477407432512,
  "training_loss": 0.9329451891929592,
  "training_cpu_memory_MB": 37795.548,
  "training_gpu_0_memory_MB": 1179,
  "validation_start_acc": 0.6490066225165563,
  "validation_end_acc": 0.6889309366130558,
  "validation_span_acc": 0.5621570482497635,
  "validation_em": 0.697918637653737,
  "validation_f1": 0.7944959110360208,
  "validation_loss": 2.7888491859975852,
  "best_validation_start_acc": 0.6624408703878902,
  "best_validation_end_acc": 0.6959318826868496,
  "best_validation_span_acc": 0.5706717123935667,
  "best_validation_em": 0.7093661305581835,
  "best_validation_f1": 0.8031511464465697,
  "best_validation_loss": 2.257901991988128
}