{
  "best_epoch": 4,
  "peak_cpu_memory_MB": 37796.1,
  "peak_gpu_0_memory_MB": 1179,
  "training_duration": "05:53:27",
  "training_start_epoch": 0,
  "training_epochs": 10,
  "epoch": 10,
  "training_start_acc": 0.8885032934165915,
  "training_end_acc": 0.9038801812806082,
  "training_span_acc": 0.8300323063048665,
  "training_em": 0.8641080377629882,
  "training_f1": 0.9328033202208508,
  "training_loss": 0.6190137983389097,
  "training_cpu_memory_MB": 37796.1,
  "training_gpu_0_memory_MB": 1179,
  "validation_start_acc": 0.6486281929990539,
  "validation_end_acc": 0.6824976348155156,
  "validation_span_acc": 0.558561967833491,
  "validation_em": 0.6921475875118259,
  "validation_f1": 0.7921938818984445,
  "validation_loss": 3.3369079234465113,
  "best_validation_start_acc": 0.6624408703878902,
  "best_validation_end_acc": 0.6959318826868496,
  "best_validation_span_acc": 0.5706717123935667,
  "best_validation_em": 0.7093661305581835,
  "best_validation_f1": 0.8031511464465697,
  "best_validation_loss": 2.257901991988128
}