{
  "best_epoch": 4,
  "peak_cpu_memory_MB": 37795.548,
  "peak_gpu_0_memory_MB": 1179,
  "training_duration": "03:46:34",
  "training_start_epoch": 0,
  "training_epochs": 6,
  "epoch": 6,
  "training_start_acc": 0.7577255448121554,
  "training_end_acc": 0.7943127204648455,
  "training_span_acc": 0.6701560520097262,
  "training_em": 0.7254877338782406,
  "training_f1": 0.844325421914682,
  "training_loss": 1.4251101279911929,
  "training_cpu_memory_MB": 37795.548,
  "training_gpu_0_memory_MB": 1179,
  "validation_start_acc": 0.6606433301797541,
  "validation_end_acc": 0.6961210974456008,
  "validation_span_acc": 0.5732261116367077,
  "validation_em": 0.7077578051087985,
  "validation_f1": 0.7969104610473965,
  "validation_loss": 2.4217021433812267,
  "best_validation_start_acc": 0.6624408703878902,
  "best_validation_end_acc": 0.6959318826868496,
  "best_validation_span_acc": 0.5706717123935667,
  "best_validation_em": 0.7093661305581835,
  "best_validation_f1": 0.8031511464465697,
  "best_validation_loss": 2.257901991988128
}