{
  "best_epoch": 4,
  "peak_cpu_memory_MB": 37794.436,
  "peak_gpu_0_memory_MB": 1179,
  "training_duration": "02:43:07",
  "training_start_epoch": 0,
  "training_epochs": 4,
  "epoch": 4,
  "training_start_acc": 0.7087295517072113,
  "training_end_acc": 0.749803079943835,
  "training_span_acc": 0.616068676583066,
  "training_em": 0.6741172844438863,
  "training_f1": 0.8048788366113192,
  "training_loss": 1.782489093416902,
  "training_cpu_memory_MB": 37794.436,
  "training_gpu_0_memory_MB": 1179,
  "validation_start_acc": 0.6624408703878902,
  "validation_end_acc": 0.6959318826868496,
  "validation_span_acc": 0.5706717123935667,
  "validation_em": 0.7093661305581835,
  "validation_f1": 0.8031511464465697,
  "validation_loss": 2.257901991988128,
  "best_validation_start_acc": 0.6624408703878902,
  "best_validation_end_acc": 0.6959318826868496,
  "best_validation_span_acc": 0.5706717123935667,
  "best_validation_em": 0.7093661305581835,
  "best_validation_f1": 0.8031511464465697,
  "best_validation_loss": 2.257901991988128
}