{
  "best_epoch": 4,
  "peak_cpu_memory_MB": 37796.1,
  "peak_gpu_0_memory_MB": 1179,
  "training_duration": "06:56:48",
  "training_start_epoch": 0,
  "training_epochs": 12,
  "epoch": 12,
  "training_start_acc": 0.94033036906814,
  "training_end_acc": 0.9453190104909873,
  "training_span_acc": 0.9024075617301567,
  "training_em": 0.9222936334889668,
  "training_f1": 0.9620969546622778,
  "training_loss": 0.33546385456846184,
  "training_cpu_memory_MB": 37796.1,
  "training_gpu_0_memory_MB": 1179,
  "validation_start_acc": 0.6401135288552507,
  "validation_end_acc": 0.6837275307473983,
  "validation_span_acc": 0.5494796594134342,
  "validation_em": 0.688174077578051,
  "validation_f1": 0.7922479980248862,
  "validation_loss": 4.106579274951287,
  "best_validation_start_acc": 0.6624408703878902,
  "best_validation_end_acc": 0.6959318826868496,
  "best_validation_span_acc": 0.5706717123935667,
  "best_validation_em": 0.7093661305581835,
  "best_validation_f1": 0.8031511464465697,
  "best_validation_loss": 2.257901991988128
}