{
  "best_epoch": 4,
  "peak_cpu_memory_MB": 37795.548,
  "peak_gpu_0_memory_MB": 1179,
  "training_duration": "04:18:18",
  "training_start_epoch": 0,
  "training_epochs": 7,
  "epoch": 7,
  "training_start_acc": 0.7779997488555805,
  "training_end_acc": 0.811219306156463,
  "training_span_acc": 0.6937179648169499,
  "training_em": 0.7454993778467791,
  "training_f1": 0.858376624494167,
  "training_loss": 1.2922936049362297,
  "training_cpu_memory_MB": 37795.548,
  "training_gpu_0_memory_MB": 1179,
  "validation_start_acc": 0.6491012298959319,
  "validation_end_acc": 0.6897824030274361,
  "validation_span_acc": 0.5600756859035004,
  "validation_em": 0.6960264900662252,
  "validation_f1": 0.7943174013692785,
  "validation_loss": 2.5240460665720814,
  "best_validation_start_acc": 0.6624408703878902,
  "best_validation_end_acc": 0.6959318826868496,
  "best_validation_span_acc": 0.5706717123935667,
  "best_validation_em": 0.7093661305581835,
  "best_validation_f1": 0.8031511464465697,
  "best_validation_loss": 2.257901991988128
}