{
  "best_epoch": 3,
  "peak_cpu_memory_MB": 37775.66,
  "peak_gpu_0_memory_MB": 1179,
  "training_duration": "02:11:24",
  "training_start_epoch": 0,
  "training_epochs": 3,
  "epoch": 3,
  "training_start_acc": 0.6787748718592678,
  "training_end_acc": 0.7199968036164797,
  "training_span_acc": 0.584641377184671,
  "training_em": 0.6431808582289752,
  "training_f1": 0.7774410607814821,
  "training_loss": 2.0197668406516995,
  "training_cpu_memory_MB": 37775.66,
  "training_gpu_0_memory_MB": 1179,
  "validation_start_acc": 0.6612109744560075,
  "validation_end_acc": 0.6915799432355724,
  "validation_span_acc": 0.571523178807947,
  "validation_em": 0.7045411542100284,
  "validation_f1": 0.7975391701841014,
  "validation_loss": 2.2291108801679793,
  "best_validation_start_acc": 0.6612109744560075,
  "best_validation_end_acc": 0.6915799432355724,
  "best_validation_span_acc": 0.571523178807947,
  "best_validation_em": 0.7045411542100284,
  "best_validation_f1": 0.7975391701841014,
  "best_validation_loss": 2.2291108801679793
}