{
  "best_epoch": 1,
  "peak_cpu_memory_MB": 37775.66,
  "peak_gpu_0_memory_MB": 1179,
  "training_duration": "01:07:53",
  "training_start_epoch": 0,
  "training_epochs": 1,
  "epoch": 1,
  "training_start_acc": 0.595942876060229,
  "training_end_acc": 0.6393223666936837,
  "training_span_acc": 0.500074201760294,
  "training_em": 0.5565360335163644,
  "training_f1": 0.6982025030856795,
  "training_loss": 2.6817409620981785,
  "training_cpu_memory_MB": 37775.66,
  "training_gpu_0_memory_MB": 1179,
  "validation_start_acc": 0.6464522232734153,
  "validation_end_acc": 0.6793755912961211,
  "validation_span_acc": 0.55600756859035,
  "validation_em": 0.6901608325449385,
  "validation_f1": 0.7860175549228103,
  "validation_loss": 2.319320792971917,
  "best_validation_start_acc": 0.6464522232734153,
  "best_validation_end_acc": 0.6793755912961211,
  "best_validation_span_acc": 0.55600756859035,
  "best_validation_em": 0.6901608325449385,
  "best_validation_f1": 0.7860175549228103,
  "best_validation_loss": 2.319320792971917
}