{
  "best_epoch": 4,
  "peak_cpu_memory_MB": 37796.1,
  "peak_gpu_0_memory_MB": 1179,
  "training_duration": "06:25:07",
  "training_start_epoch": 0,
  "training_epochs": 11,
  "epoch": 11,
  "training_start_acc": 0.9222593865226772,
  "training_end_acc": 0.9290973641251612,
  "training_span_acc": 0.8755465245037044,
  "training_em": 0.9002614185093437,
  "training_f1": 0.9515355278524066,
  "training_loss": 0.4374095020228869,
  "training_cpu_memory_MB": 37796.1,
  "training_gpu_0_memory_MB": 1179,
  "validation_start_acc": 0.6371807000946074,
  "validation_end_acc": 0.6833491012298959,
  "validation_span_acc": 0.5498580889309366,
  "validation_em": 0.6852412488174078,
  "validation_f1": 0.7898182484529411,
  "validation_loss": 3.7403755237471383,
  "best_validation_start_acc": 0.6624408703878902,
  "best_validation_end_acc": 0.6959318826868496,
  "best_validation_span_acc": 0.5706717123935667,
  "best_validation_em": 0.7093661305581835,
  "best_validation_f1": 0.8031511464465697,
  "best_validation_loss": 2.257901991988128
}