{
  "best_epoch": 2,
  "peak_cpu_memory_MB": 37775.66,
  "peak_gpu_0_memory_MB": 1179,
  "training_duration": "01:39:37",
  "training_start_epoch": 0,
  "training_epochs": 2,
  "epoch": 2,
  "training_start_acc": 0.6439000445210562,
  "training_end_acc": 0.6877932396488544,
  "training_span_acc": 0.5493555862509846,
  "training_em": 0.6071644653477779,
  "training_f1": 0.7456585396257567,
  "training_loss": 2.3029062064270995,
  "training_cpu_memory_MB": 37775.66,
  "training_gpu_0_memory_MB": 1179,
  "validation_start_acc": 0.6637653736991486,
  "validation_end_acc": 0.6894985808893094,
  "validation_span_acc": 0.5696310312204352,
  "validation_em": 0.703027436140019,
  "validation_f1": 0.7957484641199162,
  "validation_loss": 2.2182787485842437,
  "best_validation_start_acc": 0.6637653736991486,
  "best_validation_end_acc": 0.6894985808893094,
  "best_validation_span_acc": 0.5696310312204352,
  "best_validation_em": 0.703027436140019,
  "best_validation_f1": 0.7957484641199162,
  "best_validation_loss": 2.2182787485842437
}