{
  "best_epoch": 4,
  "peak_cpu_memory_MB": 37795.912,
  "peak_gpu_0_memory_MB": 1179,
  "training_duration": "07:26:08",
  "training_start_epoch": 0,
  "training_epochs": 13,
  "epoch": 13,
  "training_start_acc": 0.9487322914645144,
  "training_end_acc": 0.9505245493670019,
  "training_span_acc": 0.9140515302686104,
  "training_em": 0.9293028459228987,
  "training_f1": 0.9650192578720438,
  "training_loss": 0.3168072249927477,
  "training_cpu_memory_MB": 37795.912,
  "training_gpu_0_memory_MB": 1179,
  "validation_start_acc": 0.6275307473982971,
  "validation_end_acc": 0.6684011352885525,
  "validation_span_acc": 0.5364238410596026,
  "validation_em": 0.6780510879848628,
  "validation_f1": 0.782082218792674,
  "validation_loss": 3.8920784495911507,
  "best_validation_start_acc": 0.6645222327341532,
  "best_validation_end_acc": 0.6928098391674551,
  "best_validation_span_acc": 0.5687795648060548,
  "best_validation_em": 0.7060548722800378,
  "best_validation_f1": 0.8013190627523146,
  "best_validation_loss": 2.267974525577617
}