{
  "best_epoch": 4,
  "peak_cpu_memory_MB": 37794.564,
  "peak_gpu_0_memory_MB": 1179,
  "training_duration": "02:42:11",
  "training_start_epoch": 0,
  "training_epochs": 4,
  "epoch": 4,
  "training_start_acc": 0.7166177696092421,
  "training_end_acc": 0.7582506649619288,
  "training_span_acc": 0.6206577700658683,
  "training_em": 0.681548876128723,
  "training_f1": 0.8146613430283302,
  "training_loss": 1.7176715767819044,
  "training_cpu_memory_MB": 37794.564,
  "training_gpu_0_memory_MB": 1179,
  "validation_start_acc": 0.6645222327341532,
  "validation_end_acc": 0.6928098391674551,
  "validation_span_acc": 0.5687795648060548,
  "validation_em": 0.7060548722800378,
  "validation_f1": 0.8013190627523146,
  "validation_loss": 2.267974525577617,
  "best_validation_start_acc": 0.6645222327341532,
  "best_validation_end_acc": 0.6928098391674551,
  "best_validation_span_acc": 0.5687795648060548,
  "best_validation_em": 0.7060548722800378,
  "best_validation_f1": 0.8013190627523146,
  "best_validation_loss": 2.267974525577617
}