{
  "best_epoch": 4,
  "peak_cpu_memory_MB": 37795.912,
  "peak_gpu_0_memory_MB": 1179,
  "training_duration": "05:51:31",
  "training_start_epoch": 0,
  "training_epochs": 10,
  "epoch": 10,
  "training_start_acc": 0.8878868480233792,
  "training_end_acc": 0.9047591867487071,
  "training_span_acc": 0.8298839027842784,
  "training_em": 0.8636970741675133,
  "training_f1": 0.9330190180982881,
  "training_loss": 0.6403550595487362,
  "training_cpu_memory_MB": 37795.912,
  "training_gpu_0_memory_MB": 1179,
  "validation_start_acc": 0.6348155156102177,
  "validation_end_acc": 0.6736991485335856,
  "validation_span_acc": 0.5412488174077578,
  "validation_em": 0.686565752128666,
  "validation_f1": 0.7884418872796676,
  "validation_loss": 3.16156236225704,
  "best_validation_start_acc": 0.6645222327341532,
  "best_validation_end_acc": 0.6928098391674551,
  "best_validation_span_acc": 0.5687795648060548,
  "best_validation_em": 0.7060548722800378,
  "best_validation_f1": 0.8013190627523146,
  "best_validation_loss": 2.267974525577617
}