{
  "best_epoch": 4,
  "peak_cpu_memory_MB": 37794.564,
  "peak_gpu_0_memory_MB": 1179,
  "training_duration": "03:13:46",
  "training_start_epoch": 0,
  "training_epochs": 5,
  "epoch": 5,
  "training_start_acc": 0.7409901939519857,
  "training_end_acc": 0.7809449879564835,
  "training_span_acc": 0.6490713364307812,
  "training_em": 0.7061153666137742,
  "training_f1": 0.8335414717179822,
  "training_loss": 1.5494987722401206,
  "training_cpu_memory_MB": 37794.564,
  "training_gpu_0_memory_MB": 1179,
  "validation_start_acc": 0.6507095553453169,
  "validation_end_acc": 0.686092715231788,
  "validation_span_acc": 0.5610217596972564,
  "validation_em": 0.7052980132450332,
  "validation_f1": 0.7968580870609114,
  "validation_loss": 2.376426466905846,
  "best_validation_start_acc": 0.6645222327341532,
  "best_validation_end_acc": 0.6928098391674551,
  "best_validation_span_acc": 0.5687795648060548,
  "best_validation_em": 0.7060548722800378,
  "best_validation_f1": 0.8013190627523146,
  "best_validation_loss": 2.267974525577617
}