{
  "best_epoch": 1,
  "peak_cpu_memory_MB": 37788.796,
  "peak_gpu_0_memory_MB": 1179,
  "training_duration": "01:39:06",
  "training_start_epoch": 0,
  "training_epochs": 2,
  "epoch": 2,
  "training_start_acc": 0.653694676879873,
  "training_end_acc": 0.6971084144796174,
  "training_span_acc": 0.5559652507448715,
  "training_em": 0.6166851219762782,
  "training_f1": 0.7573168752935387,
  "training_loss": 2.214668927209018,
  "training_cpu_memory_MB": 37788.796,
  "training_gpu_0_memory_MB": 1179,
  "validation_start_acc": 0.6604541154210029,
  "validation_end_acc": 0.69120151371807,
  "validation_span_acc": 0.5665089877010406,
  "validation_em": 0.7026490066225165,
  "validation_f1": 0.7965273292478595,
  "validation_loss": 2.246946194486798,
  "best_validation_start_acc": 0.6586565752128666,
  "best_validation_end_acc": 0.6896877956480606,
  "best_validation_span_acc": 0.5683065279091769,
  "best_validation_em": 0.7028382213812677,
  "best_validation_f1": 0.7961110490457287,
  "best_validation_loss": 2.2404441761520673
}