{
  "best_epoch": 0,
  "peak_cpu_memory_MB": 5594.052,
  "peak_gpu_0_memory_MB": 1179,
  "training_duration": "00:35:58",
  "training_start_epoch": 0,
  "training_epochs": 0,
  "epoch": 0,
  "training_start_acc": 0.4455302001164397,
  "training_end_acc": 0.4794689437094031,
  "training_span_acc": 0.3505861939063231,
  "training_em": 0.393394901768285,
  "training_f1": 0.5299518991985124,
  "training_loss": 3.9473617804649215,
  "training_cpu_memory_MB": 5594.052,
  "training_gpu_0_memory_MB": 1179,
  "validation_start_acc": 0.6278145695364239,
  "validation_end_acc": 0.6684957426679281,
  "validation_span_acc": 0.539356669820246,
  "validation_em": 0.6702932828760644,
  "validation_f1": 0.7664203340114503,
  "validation_loss": 2.44450178056393,
  "best_validation_start_acc": 0.6278145695364239,
  "best_validation_end_acc": 0.6684957426679281,
  "best_validation_span_acc": 0.539356669820246,
  "best_validation_em": 0.6702932828760644,
  "best_validation_f1": 0.7664203340114503,
  "best_validation_loss": 2.44450178056393
}