{
  "best_epoch": 4,
  "peak_cpu_memory_MB": 37795.912,
  "peak_gpu_0_memory_MB": 1179,
  "training_duration": "06:54:36",
  "training_start_epoch": 0,
  "training_epochs": 12,
  "epoch": 12,
  "training_start_acc": 0.9373851299672371,
  "training_end_acc": 0.9449651251726617,
  "training_span_acc": 0.8996678044269911,
  "training_em": 0.9196337857738102,
  "training_f1": 0.9612153841382665,
  "training_loss": 0.3673265576107453,
  "training_cpu_memory_MB": 37795.912,
  "training_gpu_0_memory_MB": 1179,
  "validation_start_acc": 0.6255439924314097,
  "validation_end_acc": 0.6721854304635762,
  "validation_span_acc": 0.5353831598864711,
  "validation_em": 0.6757805108798486,
  "validation_f1": 0.7820827980327831,
  "validation_loss": 3.7667826270157434,
  "best_validation_start_acc": 0.6645222327341532,
  "best_validation_end_acc": 0.6928098391674551,
  "best_validation_span_acc": 0.5687795648060548,
  "best_validation_em": 0.7060548722800378,
  "best_validation_f1": 0.8013190627523146,
  "best_validation_loss": 2.267974525577617
}