{
  "best_epoch": 4,
  "peak_cpu_memory_MB": 37795.912,
  "peak_gpu_0_memory_MB": 1179,
  "training_duration": "06:23:05",
  "training_start_epoch": 0,
  "training_epochs": 11,
  "epoch": 11,
  "training_start_acc": 0.9203529720658912,
  "training_end_acc": 0.9291658580577404,
  "training_span_acc": 0.8731035742417151,
  "training_em": 0.8984120823297069,
  "training_f1": 0.9510522635315523,
  "training_loss": 0.46726021526985245,
  "training_cpu_memory_MB": 37795.912,
  "training_gpu_0_memory_MB": 1179,
  "validation_start_acc": 0.6325449385052034,
  "validation_end_acc": 0.6755912961210975,
  "validation_span_acc": 0.5438032166508988,
  "validation_em": 0.6829706717123936,
  "validation_f1": 0.786137949147952,
  "validation_loss": 3.5223387718200683,
  "best_validation_start_acc": 0.6645222327341532,
  "best_validation_end_acc": 0.6928098391674551,
  "best_validation_span_acc": 0.5687795648060548,
  "best_validation_em": 0.7060548722800378,
  "best_validation_f1": 0.8013190627523146,
  "best_validation_loss": 2.267974525577617
}