{
  "best_epoch": 4,
  "peak_cpu_memory_MB": 37795.668,
  "peak_gpu_0_memory_MB": 1179,
  "training_duration": "04:48:22",
  "training_start_epoch": 0,
  "training_epochs": 8,
  "epoch": 8,
  "training_start_acc": 0.8325095035331453,
  "training_end_acc": 0.8613112021826733,
  "training_span_acc": 0.7583534058607975,
  "training_em": 0.8053516592655168,
  "training_f1": 0.9008222010435273,
  "training_loss": 0.9559862636267866,
  "training_cpu_memory_MB": 37795.668,
  "training_gpu_0_memory_MB": 1179,
  "validation_start_acc": 0.6411542100283822,
  "validation_end_acc": 0.680321665089877,
  "validation_span_acc": 0.5544938505203406,
  "validation_em": 0.697918637653737,
  "validation_f1": 0.7917988644433911,
  "validation_loss": 2.751759575447946,
  "best_validation_start_acc": 0.6645222327341532,
  "best_validation_end_acc": 0.6928098391674551,
  "best_validation_span_acc": 0.5687795648060548,
  "best_validation_em": 0.7060548722800378,
  "best_validation_f1": 0.8013190627523146,
  "best_validation_loss": 2.267974525577617
}