{
  "best_epoch": 4,
  "peak_cpu_memory_MB": 37795.668,
  "peak_gpu_0_memory_MB": 1179,
  "training_duration": "05:19:57",
  "training_start_epoch": 0,
  "training_epochs": 9,
  "epoch": 9,
  "training_start_acc": 0.866185687051222,
  "training_end_acc": 0.8892795579858218,
  "training_span_acc": 0.8003744334980993,
  "training_em": 0.8421671480268039,
  "training_f1": 0.9230789225429129,
  "training_loss": 0.7514948523207886,
  "training_cpu_memory_MB": 37795.668,
  "training_gpu_0_memory_MB": 1179,
  "validation_start_acc": 0.6418164616840114,
  "validation_end_acc": 0.6754966887417219,
  "validation_span_acc": 0.5494796594134342,
  "validation_em": 0.6921475875118259,
  "validation_f1": 0.7916207858524281,
  "validation_loss": 2.94270232893386,
  "best_validation_start_acc": 0.6645222327341532,
  "best_validation_end_acc": 0.6928098391674551,
  "best_validation_span_acc": 0.5687795648060548,
  "best_validation_em": 0.7060548722800378,
  "best_validation_f1": 0.8013190627523146,
  "best_validation_loss": 2.267974525577617
}