{
  "best_epoch": 1,
  "peak_cpu_memory_MB": 37792.996,
  "peak_gpu_0_memory_MB": 1179,
  "training_duration": "02:10:39",
  "training_start_epoch": 0,
  "training_epochs": 3,
  "epoch": 3,
  "training_start_acc": 0.68814712496718,
  "training_end_acc": 0.730544869233667,
  "training_span_acc": 0.590531855386477,
  "training_em": 0.6523818765054396,
  "training_f1": 0.7901343772775982,
  "training_loss": 1.9390706239225657,
  "training_cpu_memory_MB": 37792.996,
  "training_gpu_0_memory_MB": 1179,
  "validation_start_acc": 0.6629139072847682,
  "validation_end_acc": 0.6871333964049195,
  "validation_span_acc": 0.5663197729422895,
  "validation_em": 0.7021759697256386,
  "validation_f1": 0.7976390605217537,
  "validation_loss": 2.233082921549959,
  "best_validation_start_acc": 0.6586565752128666,
  "best_validation_end_acc": 0.6896877956480606,
  "best_validation_span_acc": 0.5683065279091769,
  "best_validation_em": 0.7028382213812677,
  "best_validation_f1": 0.7961110490457287,
  "best_validation_loss": 2.2404441761520673
}