{
  "best_epoch": 1,
  "peak_cpu_memory_MB": 37773.864,
  "peak_gpu_0_memory_MB": 1179,
  "training_duration": "01:07:34",
  "training_start_epoch": 0,
  "training_epochs": 1,
  "epoch": 1,
  "training_start_acc": 0.6054292857224397,
  "training_end_acc": 0.6494252217491068,
  "training_span_acc": 0.5064898001118734,
  "training_em": 0.5650521124670373,
  "training_f1": 0.7094649964879071,
  "training_loss": 2.5989634571554454,
  "training_cpu_memory_MB": 37773.864,
  "training_gpu_0_memory_MB": 1179,
  "validation_start_acc": 0.6586565752128666,
  "validation_end_acc": 0.6896877956480606,
  "validation_span_acc": 0.5683065279091769,
  "validation_em": 0.7028382213812677,
  "validation_f1": 0.7961110490457287,
  "validation_loss": 2.2404441761520673,
  "best_validation_start_acc": 0.6586565752128666,
  "best_validation_end_acc": 0.6896877956480606,
  "best_validation_span_acc": 0.5683065279091769,
  "best_validation_em": 0.7028382213812677,
  "best_validation_f1": 0.7961110490457287,
  "best_validation_loss": 2.2404441761520673
}