{
  "best_epoch": 4,
  "peak_cpu_memory_MB": 37794.564,
  "peak_gpu_0_memory_MB": 1179,
  "training_duration": "03:45:17",
  "training_start_epoch": 0,
  "training_epochs": 6,
  "epoch": 6,
  "training_start_acc": 0.7599173506546878,
  "training_end_acc": 0.7953287137981028,
  "training_span_acc": 0.6701788833205858,
  "training_em": 0.7261155949268827,
  "training_f1": 0.8468426794408189,
  "training_loss": 1.419544875186328,
  "training_cpu_memory_MB": 37794.564,
  "training_gpu_0_memory_MB": 1179,
  "validation_start_acc": 0.6525070955534532,
  "validation_end_acc": 0.6892147587511825,
  "validation_span_acc": 0.5638599810785241,
  "validation_em": 0.7040681173131504,
  "validation_f1": 0.7956836648730369,
  "validation_loss": 2.3925229090564657,
  "best_validation_start_acc": 0.6645222327341532,
  "best_validation_end_acc": 0.6928098391674551,
  "best_validation_span_acc": 0.5687795648060548,
  "best_validation_em": 0.7060548722800378,
  "best_validation_f1": 0.8013190627523146,
  "best_validation_loss": 2.267974525577617
}