{
  "best_epoch": 4,
  "peak_cpu_memory_MB": 37795.212,
  "peak_gpu_0_memory_MB": 1179,
  "training_duration": "04:16:49",
  "training_start_epoch": 0,
  "training_epochs": 7,
  "epoch": 7,
  "training_start_acc": 0.7786161942487928,
  "training_end_acc": 0.811698763684517,
  "training_span_acc": 0.6909667918583545,
  "training_em": 0.7442208244386351,
  "training_f1": 0.8600209758434415,
  "training_loss": 1.2922563539792413,
  "training_cpu_memory_MB": 37795.212,
  "training_gpu_0_memory_MB": 1179,
  "validation_start_acc": 0.6500473036896878,
  "validation_end_acc": 0.6816461684011353,
  "validation_span_acc": 0.5571428571428572,
  "validation_em": 0.6961210974456008,
  "validation_f1": 0.792509451551024,
  "validation_loss": 2.540552084400969,
  "best_validation_start_acc": 0.6645222327341532,
  "best_validation_end_acc": 0.6928098391674551,
  "best_validation_span_acc": 0.5687795648060548,
  "best_validation_em": 0.7060548722800378,
  "best_validation_f1": 0.8013190627523146,
  "best_validation_loss": 2.267974525577617
}