{
  "best_epoch": 6,
  "peak_cpu_memory_MB": 7640.444,
  "peak_gpu_0_memory_MB": 8895,
  "training_duration": "02:42:23",
  "training_start_epoch": 0,
  "training_epochs": 14,
  "epoch": 14,
  "training_start_acc": 0.7991072957453852,
  "training_end_acc": 0.8502950946928618,
  "training_span_acc": 0.7219602963504149,
  "training_em": 0.7761047500542244,
  "training_f1": 0.8886754790410265,
  "training_loss": 1.0632535681332627,
  "training_cpu_memory_MB": 7640.444,
  "training_gpu_0_memory_MB": 8895,
  "validation_start_acc": 0.6254493850520341,
  "validation_end_acc": 0.6579943235572374,
  "validation_span_acc": 0.5371807000946074,
  "validation_em": 0.6649952696310312,
  "validation_f1": 0.7627824465083433,
  "validation_loss": 3.150710935637636,
  "best_validation_start_acc": 0.6315988647114474,
  "best_validation_end_acc": 0.6705771050141911,
  "best_validation_span_acc": 0.5446546830652791,
  "best_validation_em": 0.6733207190160833,
  "best_validation_f1": 0.7693025192621117,
  "best_validation_loss": 2.503052253993052
}