{
  "best_epoch": 3,
  "peak_cpu_memory_MB": 7637.184,
  "peak_gpu_0_memory_MB": 8893,
  "training_duration": "00:55:49",
  "training_start_epoch": 0,
  "training_epochs": 4,
  "epoch": 4,
  "training_start_acc": 0.631183004372196,
  "training_end_acc": 0.6782269203986346,
  "training_span_acc": 0.5348234568887773,
  "training_em": 0.5922556193563854,
  "training_f1": 0.7356986176736217,
  "training_loss": 2.3928689056879855,
  "training_cpu_memory_MB": 7637.184,
  "training_gpu_0_memory_MB": 8893,
  "validation_start_acc": 0.6241248817407757,
  "validation_end_acc": 0.656480605487228,
  "validation_span_acc": 0.5317880794701987,
  "validation_em": 0.6610217596972564,
  "validation_f1": 0.7623505194248169,
  "validation_loss": 2.5210332384649314,
  "best_validation_start_acc": 0.6244087038789026,
  "best_validation_end_acc": 0.6593188268684957,
  "best_validation_span_acc": 0.5402081362346263,
  "best_validation_em": 0.6619678334910123,
  "best_validation_f1": 0.7588208814835292,
  "best_validation_loss": 2.5223868662456295
}