{
  "best_epoch": 6,
  "peak_cpu_memory_MB": 7640.444,
  "peak_gpu_0_memory_MB": 8895,
  "training_duration": "02:31:43",
  "training_start_epoch": 0,
  "training_epochs": 13,
  "epoch": 13,
  "training_start_acc": 0.7889016997910935,
  "training_end_acc": 0.8412310642815557,
  "training_span_acc": 0.710658797474857,
  "training_em": 0.76531695567301,
  "training_f1": 0.8807740522389566,
  "training_loss": 1.1290720934601135,
  "training_cpu_memory_MB": 7640.444,
  "training_gpu_0_memory_MB": 8895,
  "validation_start_acc": 0.6240302743614002,
  "validation_end_acc": 0.6520340586565753,
  "validation_span_acc": 0.5329233680227058,
  "validation_em": 0.6614001892147587,
  "validation_f1": 0.7629597237469019,
  "validation_loss": 3.1128587524845917,
  "best_validation_start_acc": 0.6315988647114474,
  "best_validation_end_acc": 0.6705771050141911,
  "best_validation_span_acc": 0.5446546830652791,
  "best_validation_em": 0.6733207190160833,
  "best_validation_f1": 0.7693025192621117,
  "best_validation_loss": 2.503052253993052
}