{
  "best_epoch": 6,
  "peak_cpu_memory_MB": 7637.796,
  "peak_gpu_0_memory_MB": 8895,
  "training_duration": "01:38:29",
  "training_start_epoch": 0,
  "training_epochs": 8,
  "epoch": 8,
  "training_start_acc": 0.6942316693112935,
  "training_end_acc": 0.7437527825660111,
  "training_span_acc": 0.601194077557963,
  "training_em": 0.659904793433715,
  "training_f1": 0.7965548727880258,
  "training_loss": 1.8541779164309915,
  "training_cpu_memory_MB": 7637.796,
  "training_gpu_0_memory_MB": 8895,
  "validation_start_acc": 0.6369914853358561,
  "validation_end_acc": 0.6650898770104068,
  "validation_span_acc": 0.5477767265846736,
  "validation_em": 0.6696310312204352,
  "validation_f1": 0.7679608604486704,
  "validation_loss": 2.578014529426143,
  "best_validation_start_acc": 0.6315988647114474,
  "best_validation_end_acc": 0.6705771050141911,
  "best_validation_span_acc": 0.5446546830652791,
  "best_validation_em": 0.6733207190160833,
  "best_validation_f1": 0.7693025192621117,
  "best_validation_loss": 2.503052253993052
}