{
  "best_epoch": 0,
  "peak_cpu_memory_MB": 5186.468,
  "peak_gpu_0_memory_MB": 795,
  "training_duration": "00:12:55",
  "training_start_epoch": 0,
  "training_epochs": 0,
  "epoch": 0,
  "training_start_acc": 0.3237936506124499,
  "training_end_acc": 0.35603146154636467,
  "training_span_acc": 0.24278815968218814,
  "training_em": 0.2716925992305848,
  "training_f1": 0.39277526116416306,
  "training_loss": 5.195572355239903,
  "training_cpu_memory_MB": 5186.468,
  "training_gpu_0_memory_MB": 795,
  "validation_start_acc": 0.5431409649952696,
  "validation_end_acc": 0.5745506149479659,
  "validation_span_acc": 0.44219489120151373,
  "validation_em": 0.5473982970671712,
  "validation_f1": 0.6680449541468185,
  "validation_loss": 3.202911966251877,
  "best_validation_start_acc": 0.5431409649952696,
  "best_validation_end_acc": 0.5745506149479659,
  "best_validation_span_acc": 0.44219489120151373,
  "best_validation_em": 0.5473982970671712,
  "best_validation_f1": 0.6680449541468185,
  "best_validation_loss": 3.202911966251877
}