{
  "best_epoch": 6,
  "peak_cpu_memory_MB": 7637.368,
  "peak_gpu_0_memory_MB": 8895,
  "training_duration": "01:27:51",
  "training_start_epoch": 0,
  "training_epochs": 7,
  "epoch": 7,
  "training_start_acc": 0.6844941152296259,
  "training_end_acc": 0.7299398394958847,
  "training_span_acc": 0.5902350483453007,
  "training_em": 0.6478841082660761,
  "training_f1": 0.7856659019980907,
  "training_loss": 1.957570687331021,
  "training_cpu_memory_MB": 7637.368,
  "training_gpu_0_memory_MB": 8895,
  "validation_start_acc": 0.628476821192053,
  "validation_end_acc": 0.6643330179754021,
  "validation_span_acc": 0.5385052034058656,
  "validation_em": 0.6671712393566698,
  "validation_f1": 0.7642586355866243,
  "validation_loss": 2.5728956586909746,
  "best_validation_start_acc": 0.6315988647114474,
  "best_validation_end_acc": 0.6705771050141911,
  "best_validation_span_acc": 0.5446546830652791,
  "best_validation_em": 0.6733207190160833,
  "best_validation_f1": 0.7693025192621117,
  "best_validation_loss": 2.503052253993052
}