{
  "best_epoch": 3,
  "peak_cpu_memory_MB": 7637.184,
  "peak_gpu_0_memory_MB": 8893,
  "training_duration": "00:45:08",
  "training_start_epoch": 0,
  "training_epochs": 3,
  "epoch": 3,
  "training_start_acc": 0.6092421146360119,
  "training_end_acc": 0.6530097375540816,
  "training_span_acc": 0.5122318747930913,
  "training_em": 0.5672325026541399,
  "training_f1": 0.7124748709649776,
  "training_loss": 2.587493234083533,
  "training_cpu_memory_MB": 7637.184,
  "training_gpu_0_memory_MB": 8893,
  "validation_start_acc": 0.6244087038789026,
  "validation_end_acc": 0.6593188268684957,
  "validation_span_acc": 0.5402081362346263,
  "validation_em": 0.6619678334910123,
  "validation_f1": 0.7588208814835292,
  "validation_loss": 2.5223868662456295,
  "best_validation_start_acc": 0.6244087038789026,
  "best_validation_end_acc": 0.6593188268684957,
  "best_validation_span_acc": 0.5402081362346263,
  "best_validation_em": 0.6619678334910123,
  "best_validation_f1": 0.7588208814835292,
  "best_validation_loss": 2.5223868662456295
}