{
  "best_epoch": 6,
  "peak_cpu_memory_MB": 7637.796,
  "peak_gpu_0_memory_MB": 8895,
  "training_duration": "01:59:47",
  "training_start_epoch": 0,
  "training_epochs": 10,
  "epoch": 10,
  "training_start_acc": 0.740807543465108,
  "training_end_acc": 0.7938560942476512,
  "training_span_acc": 0.6535691046701446,
  "training_em": 0.711457893354947,
  "training_f1": 0.8407796142919087,
  "training_loss": 1.4849712013381802,
  "training_cpu_memory_MB": 7637.796,
  "training_gpu_0_memory_MB": 8895,
  "validation_start_acc": 0.6278145695364239,
  "validation_end_acc": 0.6617786187322611,
  "validation_span_acc": 0.5394512771996216,
  "validation_em": 0.663670766319773,
  "validation_f1": 0.7649405975320197,
  "validation_loss": 2.782797123351187,
  "best_validation_start_acc": 0.6315988647114474,
  "best_validation_end_acc": 0.6705771050141911,
  "best_validation_span_acc": 0.5446546830652791,
  "best_validation_em": 0.6733207190160833,
  "best_validation_f1": 0.7693025192621117,
  "best_validation_loss": 2.503052253993052
}