{
  "best_epoch": 1,
  "peak_cpu_memory_MB": 7621.932,
  "peak_gpu_0_memory_MB": 7115,
  "training_duration": "00:23:46",
  "training_start_epoch": 0,
  "training_epochs": 1,
  "epoch": 1,
  "training_start_acc": 0.5359421911209032,
  "training_end_acc": 0.5815020719414605,
  "training_span_acc": 0.4378246327012865,
  "training_em": 0.48916083516935127,
  "training_f1": 0.636773761762253,
  "training_loss": 3.2195830185663756,
  "training_cpu_memory_MB": 7621.932,
  "training_gpu_0_memory_MB": 7115,
  "validation_start_acc": 0.6027436140018921,
  "validation_end_acc": 0.633112582781457,
  "validation_span_acc": 0.5060548722800379,
  "validation_em": 0.6202459791863766,
  "validation_f1": 0.7320840375085471,
  "validation_loss": 2.7144669519280487,
  "best_validation_start_acc": 0.6027436140018921,
  "best_validation_end_acc": 0.633112582781457,
  "best_validation_span_acc": 0.5060548722800379,
  "best_validation_em": 0.6202459791863766,
  "best_validation_f1": 0.7320840375085471,
  "best_validation_loss": 2.7144669519280487
}