{
  "best_epoch": 5,
  "peak_cpu_memory_MB": 7637.364,
  "peak_gpu_0_memory_MB": 8895,
  "training_duration": "01:06:30",
  "training_start_epoch": 0,
  "training_epochs": 5,
  "epoch": 5,
  "training_start_acc": 0.6505553716366625,
  "training_end_acc": 0.6969371796481695,
  "training_span_acc": 0.5549835043779039,
  "training_em": 0.6133175036244706,
  "training_f1": 0.7543962707924196,
  "training_loss": 2.223834834822781,
  "training_cpu_memory_MB": 7637.364,
  "training_gpu_0_memory_MB": 8895,
  "validation_start_acc": 0.6345316934720908,
  "validation_end_acc": 0.6608325449385052,
  "validation_span_acc": 0.5378429517502366,
  "validation_em": 0.6677388836329233,
  "validation_f1": 0.7695861792281082,
  "validation_loss": 2.4863323193676066,
  "best_validation_start_acc": 0.6345316934720908,
  "best_validation_end_acc": 0.6608325449385052,
  "best_validation_span_acc": 0.5378429517502366,
  "best_validation_em": 0.6677388836329233,
  "best_validation_f1": 0.7695861792281082,
  "best_validation_loss": 2.4863323193676066
}