{
  "best_epoch": 6,
  "peak_cpu_memory_MB": 7640.364,
  "peak_gpu_0_memory_MB": 8895,
  "training_duration": "02:21:06",
  "training_start_epoch": 0,
  "training_epochs": 12,
  "epoch": 12,
  "training_start_acc": 0.7687416523019669,
  "training_end_acc": 0.8188449639836071,
  "training_span_acc": 0.6849507414468202,
  "training_em": 0.7410358565737052,
  "training_f1": 0.8625942653208674,
  "training_loss": 1.2780994144884963,
  "training_cpu_memory_MB": 7640.364,
  "training_gpu_0_memory_MB": 8895,
  "validation_start_acc": 0.6199621570482498,
  "validation_end_acc": 0.6581835383159886,
  "validation_span_acc": 0.5334910122989593,
  "validation_em": 0.6606433301797541,
  "validation_f1": 0.7607927178918109,
  "validation_loss": 2.9147431715479435,
  "best_validation_start_acc": 0.6315988647114474,
  "best_validation_end_acc": 0.6705771050141911,
  "best_validation_span_acc": 0.5446546830652791,
  "best_validation_em": 0.6733207190160833,
  "best_validation_f1": 0.7693025192621117,
  "best_validation_loss": 2.503052253993052
}