{
  "best_epoch": 6,
  "peak_cpu_memory_MB": 7639.936,
  "peak_gpu_0_memory_MB": 8895,
  "training_duration": "02:10:26",
  "training_start_epoch": 0,
  "training_epochs": 11,
  "epoch": 11,
  "training_start_acc": 0.7565839792691698,
  "training_end_acc": 0.8082854827109899,
  "training_span_acc": 0.6707496660920786,
  "training_em": 0.7285128825671526,
  "training_f1": 0.8542493410575006,
  "training_loss": 1.354427166262718,
  "training_cpu_memory_MB": 7639.936,
  "training_gpu_0_memory_MB": 8895,
  "validation_start_acc": 0.6278145695364239,
  "validation_end_acc": 0.663670766319773,
  "validation_span_acc": 0.5421948912015138,
  "validation_em": 0.6670766319772943,
  "validation_f1": 0.7654417646307426,
  "validation_loss": 2.922197409845748,
  "best_validation_start_acc": 0.6315988647114474,
  "best_validation_end_acc": 0.6705771050141911,
  "best_validation_span_acc": 0.5446546830652791,
  "best_validation_em": 0.6733207190160833,
  "best_validation_f1": 0.7693025192621117,
  "best_validation_loss": 2.503052253993052
}