{
  "best_epoch": 6,
  "peak_cpu_memory_MB": 7637.796,
  "peak_gpu_0_memory_MB": 8895,
  "training_duration": "01:49:08",
  "training_start_epoch": 0,
  "training_epochs": 9,
  "epoch": 9,
  "training_start_acc": 0.7073710887110584,
  "training_end_acc": 0.7545405769472254,
  "training_span_acc": 0.6142650030251486,
  "training_em": 0.6725419239945661,
  "training_f1": 0.8065761079228341,
  "training_loss": 1.7578586129565217,
  "training_cpu_memory_MB": 7637.796,
  "training_gpu_0_memory_MB": 8895,
  "validation_start_acc": 0.6262062440870388,
  "validation_end_acc": 0.6633869441816461,
  "validation_span_acc": 0.5420056764427625,
  "validation_em": 0.6649006622516557,
  "validation_f1": 0.7620824404045844,
  "validation_loss": 2.648188869908171,
  "best_validation_start_acc": 0.6315988647114474,
  "best_validation_end_acc": 0.6705771050141911,
  "best_validation_span_acc": 0.5446546830652791,
  "best_validation_em": 0.6733207190160833,
  "best_validation_f1": 0.7693025192621117,
  "best_validation_loss": 2.503052253993052
}