{
  "best_epoch": 6,
  "peak_cpu_memory_MB": 7640.464,
  "peak_gpu_0_memory_MB": 8895,
  "training_duration": "02:53:02",
  "training_start_epoch": 0,
  "training_epochs": 15,
  "epoch": 15,
  "training_start_acc": 0.8038790397150652,
  "training_end_acc": 0.8562540668272469,
  "training_span_acc": 0.7289010148517677,
  "training_em": 0.782897065034989,
  "training_f1": 0.8922517290065114,
  "training_loss": 1.0224158939025174,
  "training_cpu_memory_MB": 7640.464,
  "training_gpu_0_memory_MB": 8895,
  "validation_start_acc": 0.6199621570482498,
  "validation_end_acc": 0.6524124881740776,
  "validation_span_acc": 0.5292336802270577,
  "validation_em": 0.656480605487228,
  "validation_f1": 0.759881729471196,
  "validation_loss": 3.307190308930739,
  "best_validation_start_acc": 0.6315988647114474,
  "best_validation_end_acc": 0.6705771050141911,
  "best_validation_span_acc": 0.5446546830652791,
  "best_validation_em": 0.6733207190160833,
  "best_validation_f1": 0.7693025192621117,
  "best_validation_loss": 2.503052253993052
}