{
  "best_epoch": 6,
  "peak_cpu_memory_MB": 7637.368,
  "peak_gpu_0_memory_MB": 8895,
  "training_duration": "01:17:11",
  "training_start_epoch": 0,
  "training_epochs": 6,
  "epoch": 6,
  "training_start_acc": 0.668329547140949,
  "training_end_acc": 0.7143917168004201,
  "training_span_acc": 0.5722668066987066,
  "training_em": 0.6315368896905216,
  "training_f1": 0.7714985867786242,
  "training_loss": 2.082296646348962,
  "training_cpu_memory_MB": 7637.368,
  "training_gpu_0_memory_MB": 8895,
  "validation_start_acc": 0.6315988647114474,
  "validation_end_acc": 0.6705771050141911,
  "validation_span_acc": 0.5446546830652791,
  "validation_em": 0.6733207190160833,
  "validation_f1": 0.7693025192621117,
  "validation_loss": 2.503052253993052,
  "best_validation_start_acc": 0.6315988647114474,
  "best_validation_end_acc": 0.6705771050141911,
  "best_validation_span_acc": 0.5446546830652791,
  "best_validation_em": 0.6733207190160833,
  "best_validation_f1": 0.7693025192621117,
  "best_validation_loss": 2.503052253993052
}