{
  "best_epoch": 2,
  "peak_cpu_memory_MB": 7635.208,
  "peak_gpu_0_memory_MB": 7115,
  "training_duration": "00:34:27",
  "training_start_epoch": 0,
  "training_epochs": 2,
  "epoch": 2,
  "training_start_acc": 0.5806116508179318,
  "training_end_acc": 0.6249043938857749,
  "training_span_acc": 0.48394388063790683,
  "training_em": 0.5381339969634357,
  "training_f1": 0.6838999277794874,
  "training_loss": 2.833910159651003,
  "training_cpu_memory_MB": 7635.208,
  "training_gpu_0_memory_MB": 7115,
  "validation_start_acc": 0.614569536423841,
  "validation_end_acc": 0.6458845789971618,
  "validation_span_acc": 0.5205298013245033,
  "validation_em": 0.639356669820246,
  "validation_f1": 0.7435768950380605,
  "validation_loss": 2.614244800693584,
  "best_validation_start_acc": 0.614569536423841,
  "best_validation_end_acc": 0.6458845789971618,
  "best_validation_span_acc": 0.5205298013245033,
  "best_validation_em": 0.639356669820246,
  "best_validation_f1": 0.7435768950380605,
  "best_validation_loss": 2.614244800693584
}