{
  "best_epoch": 6,
  "peak_cpu_memory_MB": 7637.884,
  "peak_gpu_0_memory_MB": 8591,
  "training_duration": "01:24:53",
  "training_start_epoch": 0,
  "training_epochs": 7,
  "epoch": 7,
  "training_start_acc": 0.6584664208495531,
  "training_end_acc": 0.702702085640247,
  "training_span_acc": 0.5584082010068608,
  "training_em": 0.6167650315642873,
  "training_f1": 0.7635798501198034,
  "training_loss": 2.1725043391256027,
  "training_cpu_memory_MB": 7637.884,
  "training_gpu_0_memory_MB": 8591,
  "validation_start_acc": 0.619678334910123,
  "validation_end_acc": 0.651844843897824,
  "validation_span_acc": 0.5291390728476821,
  "validation_em": 0.65600756859035,
  "validation_f1": 0.7582177463777253,
  "validation_loss": 2.5983890929312077,
  "best_validation_start_acc": 0.6192999053926206,
  "best_validation_end_acc": 0.6563859981078524,
  "best_validation_span_acc": 0.5317880794701987,
  "best_validation_em": 0.6576158940397351,
  "best_validation_f1": 0.7599025791942371,
  "best_validation_loss": 2.5945698445698
}