{
  "best_epoch": 13,
  "peak_cpu_memory_MB": 7638.652,
  "peak_gpu_0_memory_MB": 8591,
  "training_duration": "02:58:00",
  "training_start_epoch": 0,
  "training_epochs": 16,
  "epoch": 16,
  "training_start_acc": 0.7431477528282286,
  "training_end_acc": 0.7890501033116817,
  "training_span_acc": 0.6504297994269341,
  "training_em": 0.7091975935798354,
  "training_f1": 0.8418743273165742,
  "training_loss": 1.5070031184311872,
  "training_cpu_memory_MB": 7638.652,
  "training_gpu_0_memory_MB": 8591,
  "validation_start_acc": 0.6262062440870388,
  "validation_end_acc": 0.6577105014191107,
  "validation_span_acc": 0.5352885525070955,
  "validation_em": 0.6578051087984863,
  "validation_f1": 0.7601791199591774,
  "validation_loss": 2.8257947222241815,
  "best_validation_start_acc": 0.622232734153264,
  "best_validation_end_acc": 0.6617786187322611,
  "best_validation_span_acc": 0.5363292336802271,
  "best_validation_em": 0.6613055818353831,
  "best_validation_f1": 0.7641595248736788,
  "best_validation_loss": 2.7759189862125324
}