{
  "best_epoch": 13,
  "peak_cpu_memory_MB": 7638.652,
  "peak_gpu_0_memory_MB": 8591,
  "training_duration": "02:37:18",
  "training_start_epoch": 0,
  "training_epochs": 14,
  "epoch": 14,
  "training_start_acc": 0.7304307126793684,
  "training_end_acc": 0.7767896893800158,
  "training_span_acc": 0.6345049601022843,
  "training_em": 0.6948937773262251,
  "training_f1": 0.8318522617909244,
  "training_loss": 1.6021108212808495,
  "training_cpu_memory_MB": 7638.652,
  "training_gpu_0_memory_MB": 8591,
  "validation_start_acc": 0.6190160832544939,
  "validation_end_acc": 0.6596972563859981,
  "validation_span_acc": 0.5359508041627247,
  "validation_em": 0.6613055818353831,
  "validation_f1": 0.7602328441540788,
  "validation_loss": 2.8036762599675162,
  "best_validation_start_acc": 0.622232734153264,
  "best_validation_end_acc": 0.6617786187322611,
  "best_validation_span_acc": 0.5363292336802271,
  "best_validation_em": 0.6613055818353831,
  "best_validation_f1": 0.7641595248736788,
  "best_validation_loss": 2.7759189862125324
}