{
  "best_epoch": 13,
  "peak_cpu_memory_MB": 7638.652,
  "peak_gpu_0_memory_MB": 8591,
  "training_duration": "02:47:40",
  "training_start_epoch": 0,
  "training_epochs": 15,
  "epoch": 15,
  "training_start_acc": 0.7377823947761961,
  "training_end_acc": 0.7841756184431329,
  "training_span_acc": 0.6432151051952648,
  "training_em": 0.7025308508087992,
  "training_f1": 0.8376458120799432,
  "training_loss": 1.5422224224158074,
  "training_cpu_memory_MB": 7638.652,
  "training_gpu_0_memory_MB": 8591,
  "validation_start_acc": 0.6244087038789026,
  "validation_end_acc": 0.6579943235572374,
  "validation_span_acc": 0.533585619678335,
  "validation_em": 0.6603595080416272,
  "validation_f1": 0.7627714514842987,
  "validation_loss": 2.845428607148944,
  "best_validation_start_acc": 0.622232734153264,
  "best_validation_end_acc": 0.6617786187322611,
  "best_validation_span_acc": 0.5363292336802271,
  "best_validation_em": 0.6613055818353831,
  "best_validation_f1": 0.7641595248736788,
  "best_validation_loss": 2.7759189862125324
}