{
  "best_epoch": 4,
  "peak_cpu_memory_MB": 7637.412,
  "peak_gpu_0_memory_MB": 8591,
  "training_duration": "00:53:53",
  "training_start_epoch": 0,
  "training_epochs": 4,
  "epoch": 4,
  "training_start_acc": 0.621479697256818,
  "training_end_acc": 0.6646537060925353,
  "training_span_acc": 0.5212844895489674,
  "training_em": 0.5781458692450827,
  "training_f1": 0.7254335219591711,
  "training_loss": 2.489655646178276,
  "training_cpu_memory_MB": 7637.412,
  "training_gpu_0_memory_MB": 8591,
  "validation_start_acc": 0.6228003784295175,
  "validation_end_acc": 0.6599810785241249,
  "validation_span_acc": 0.5325449385052035,
  "validation_em": 0.6557237464522233,
  "validation_f1": 0.7617521806424914,
  "validation_loss": 2.525253815021155,
  "best_validation_start_acc": 0.6228003784295175,
  "best_validation_end_acc": 0.6599810785241249,
  "best_validation_span_acc": 0.5325449385052035,
  "best_validation_em": 0.6557237464522233,
  "best_validation_f1": 0.7617521806424914,
  "best_validation_loss": 2.525253815021155
}