{
  "best_epoch": 9,
  "peak_cpu_memory_MB": 7637.884,
  "peak_gpu_0_memory_MB": 8591,
  "training_duration": "02:06:18",
  "training_start_epoch": 0,
  "training_epochs": 11,
  "epoch": 11,
  "training_start_acc": 0.6829644174020252,
  "training_end_acc": 0.7266407150766562,
  "training_span_acc": 0.5834427333645361,
  "training_em": 0.6429182981540885,
  "training_f1": 0.7851929744598981,
  "training_loss": 1.9639219453345695,
  "training_cpu_memory_MB": 7637.884,
  "training_gpu_0_memory_MB": 8591,
  "validation_start_acc": 0.6204351939451277,
  "validation_end_acc": 0.6577105014191107,
  "validation_span_acc": 0.5338694418164617,
  "validation_em": 0.6583727530747399,
  "validation_f1": 0.7591157507539376,
  "validation_loss": 2.691431459390892,
  "best_validation_start_acc": 0.624314096499527,
  "best_validation_end_acc": 0.6614947965941343,
  "best_validation_span_acc": 0.5358561967833491,
  "best_validation_em": 0.6597918637653737,
  "best_validation_f1": 0.7611950817587347,
  "best_validation_loss": 2.639033537540796
}