{
  "best_epoch": 9,
  "peak_cpu_memory_MB": 7637.884,
  "peak_gpu_0_memory_MB": 8591,
  "training_duration": "02:16:38",
  "training_start_epoch": 0,
  "training_epochs": 12,
  "epoch": 12,
  "training_start_acc": 0.689653991483921,
  "training_end_acc": 0.7324398680350233,
  "training_span_acc": 0.5884542060982432,
  "training_em": 0.6472904941837235,
  "training_f1": 0.791029848115776,
  "training_loss": 1.9217494111627205,
  "training_cpu_memory_MB": 7637.884,
  "training_gpu_0_memory_MB": 8591,
  "validation_start_acc": 0.6130558183538316,
  "validation_end_acc": 0.6526963103122043,
  "validation_span_acc": 0.5249763481551561,
  "validation_em": 0.6499526963103122,
  "validation_f1": 0.7547588465338856,
  "validation_loss": 2.7702998530189946,
  "best_validation_start_acc": 0.624314096499527,
  "best_validation_end_acc": 0.6614947965941343,
  "best_validation_span_acc": 0.5358561967833491,
  "best_validation_em": 0.6597918637653737,
  "best_validation_f1": 0.7611950817587347,
  "best_validation_loss": 2.639033537540796
}