{
  "best_epoch": 3,
  "peak_cpu_memory_MB": 7637.412,
  "peak_gpu_0_memory_MB": 8591,
  "training_duration": "00:43:33",
  "training_start_epoch": 0,
  "training_epochs": 3,
  "epoch": 3,
  "training_start_acc": 0.603340220778776,
  "training_end_acc": 0.6468452836219591,
  "training_span_acc": 0.5026427242320117,
  "training_em": 0.5592643751641,
  "training_f1": 0.7077684739274324,
  "training_loss": 2.6393670654188006,
  "training_cpu_memory_MB": 7637.412,
  "training_gpu_0_memory_MB": 8591,
  "validation_start_acc": 0.6202459791863766,
  "validation_end_acc": 0.6527909176915799,
  "validation_span_acc": 0.5298013245033113,
  "validation_em": 0.6538315988647114,
  "validation_f1": 0.7534940806418856,
  "validation_loss": 2.563121161370907,
  "best_validation_start_acc": 0.6202459791863766,
  "best_validation_end_acc": 0.6527909176915799,
  "best_validation_span_acc": 0.5298013245033113,
  "best_validation_em": 0.6538315988647114,
  "best_validation_f1": 0.7534940806418856,
  "best_validation_loss": 2.563121161370907
}