{
  "best_epoch": 17,
  "peak_cpu_memory_MB": 7638.652,
  "peak_gpu_0_memory_MB": 8591,
  "training_duration": "03:18:42",
  "training_start_epoch": 0,
  "training_epochs": 18,
  "epoch": 18,
  "training_start_acc": 0.7687758992682565,
  "training_end_acc": 0.8118471672051051,
  "training_span_acc": 0.6766515599493145,
  "training_em": 0.7348143243644334,
  "training_f1": 0.8632289630194306,
  "training_loss": 1.324767351531547,
  "training_cpu_memory_MB": 7638.652,
  "training_gpu_0_memory_MB": 8591,
  "validation_start_acc": 0.6210028382213812,
  "validation_end_acc": 0.6582781456953642,
  "validation_span_acc": 0.537275307473983,
  "validation_em": 0.6618732261116367,
  "validation_f1": 0.7617624150011029,
  "validation_loss": 2.9863953324983705,
  "best_validation_start_acc": 0.6230842005676442,
  "best_validation_end_acc": 0.6608325449385052,
  "best_validation_span_acc": 0.539356669820246,
  "best_validation_em": 0.663197729422895,
  "best_validation_f1": 0.7633303600339715,
  "best_validation_loss": 2.9605055620085516
}