{
  "best_epoch": 1,
  "peak_cpu_memory_MB": 7622.232,
  "peak_gpu_0_memory_MB": 6813,
  "training_duration": "00:22:53",
  "training_start_epoch": 0,
  "training_epochs": 1,
  "epoch": 1,
  "training_start_acc": 0.5400974896973709,
  "training_end_acc": 0.5846984554618203,
  "training_span_acc": 0.4395940592929143,
  "training_em": 0.49174077329649885,
  "training_f1": 0.6427773191385248,
  "training_loss": 3.1759533663862918,
  "training_cpu_memory_MB": 7622.232,
  "training_gpu_0_memory_MB": 6813,
  "validation_start_acc": 0.5990539262062441,
  "validation_end_acc": 0.6358561967833491,
  "validation_span_acc": 0.5048249763481552,
  "validation_em": 0.6192052980132451,
  "validation_f1": 0.730921845990224,
  "validation_loss": 2.7246977464208064,
  "best_validation_start_acc": 0.5990539262062441,
  "best_validation_end_acc": 0.6358561967833491,
  "best_validation_span_acc": 0.5048249763481552,
  "best_validation_em": 0.6192052980132451,
  "best_validation_f1": 0.730921845990224,
  "best_validation_loss": 2.7246977464208064
}