{
  "best_epoch": 2,
  "peak_cpu_memory_MB": 7635.14,
  "peak_gpu_0_memory_MB": 6813,
  "training_duration": "00:33:13",
  "training_start_epoch": 0,
  "training_epochs": 2,
  "epoch": 2,
  "training_start_acc": 0.578043128346214,
  "training_end_acc": 0.6203952099909816,
  "training_span_acc": 0.475895843559858,
  "training_em": 0.529435267525885,
  "training_f1": 0.6801892209951232,
  "training_loss": 2.856180752466803,
  "training_cpu_memory_MB": 7635.14,
  "training_gpu_0_memory_MB": 6813,
  "validation_start_acc": 0.6140964995269631,
  "validation_end_acc": 0.6404919583727531,
  "validation_span_acc": 0.5105014191106906,
  "validation_em": 0.633112582781457,
  "validation_f1": 0.7448519512799332,
  "validation_loss": 2.631843400001526,
  "best_validation_start_acc": 0.6140964995269631,
  "best_validation_end_acc": 0.6404919583727531,
  "best_validation_span_acc": 0.5105014191106906,
  "best_validation_em": 0.633112582781457,
  "best_validation_f1": 0.7448519512799332,
  "best_validation_loss": 2.631843400001526
}