{
  "best_epoch": 0,
  "peak_cpu_memory_MB": 5181.68,
  "peak_gpu_0_memory_MB": 797,
  "training_duration": "00:12:27",
  "training_start_epoch": 0,
  "training_epochs": 0,
  "epoch": 0,
  "training_start_acc": 0.3747417207958995,
  "training_end_acc": 0.41170561307777487,
  "training_span_acc": 0.2859507528624756,
  "training_em": 0.32128220641788147,
  "training_f1": 0.4550808694637879,
  "training_loss": 4.7288260365185675,
  "training_cpu_memory_MB": 5181.68,
  "training_gpu_0_memory_MB": 797,
  "validation_start_acc": 0.563197729422895,
  "validation_end_acc": 0.5934720908230842,
  "validation_span_acc": 0.4596972563859981,
  "validation_em": 0.5698202459791863,
  "validation_f1": 0.6892692379338522,
  "validation_loss": 3.0686329342284293,
  "best_validation_start_acc": 0.563197729422895,
  "best_validation_end_acc": 0.5934720908230842,
  "best_validation_span_acc": 0.4596972563859981,
  "best_validation_em": 0.5698202459791863,
  "best_validation_f1": 0.6892692379338522,
  "best_validation_loss": 3.0686329342284293
}