{
  "best_epoch": 4,
  "peak_cpu_memory_MB": 7637.884,
  "peak_gpu_0_memory_MB": 8591,
  "training_duration": "01:04:14",
  "training_start_epoch": 0,
  "training_epochs": 5,
  "epoch": 5,
  "training_start_acc": 0.6372789643717394,
  "training_end_acc": 0.6791744197993128,
  "training_span_acc": 0.5356796310460165,
  "training_em": 0.5927008299181498,
  "training_f1": 0.7397562305117574,
  "training_loss": 2.3663514086100608,
  "training_cpu_memory_MB": 7637.884,
  "training_gpu_0_memory_MB": 8591,
  "validation_start_acc": 0.619678334910123,
  "validation_end_acc": 0.6570482497634815,
  "validation_span_acc": 0.5312204351939451,
  "validation_em": 0.6537369914853358,
  "validation_f1": 0.7549778309067183,
  "validation_loss": 2.5359319970292864,
  "best_validation_start_acc": 0.6228003784295175,
  "best_validation_end_acc": 0.6599810785241249,
  "best_validation_span_acc": 0.5325449385052035,
  "best_validation_em": 0.6557237464522233,
  "best_validation_f1": 0.7617521806424914,
  "best_validation_loss": 2.525253815021155
}