{
  "best_epoch": 9,
  "peak_cpu_memory_MB": 7637.884,
  "peak_gpu_0_memory_MB": 8591,
  "training_duration": "01:45:34",
  "training_start_epoch": 0,
  "training_epochs": 9,
  "epoch": 9,
  "training_start_acc": 0.6733296042192263,
  "training_end_acc": 0.7165721069875227,
  "training_span_acc": 0.5742188837772121,
  "training_em": 0.6340597495405199,
  "training_f1": 0.7771761262226085,
  "training_loss": 2.0514706519640744,
  "training_cpu_memory_MB": 7637.884,
  "training_gpu_0_memory_MB": 8591,
  "validation_start_acc": 0.624314096499527,
  "validation_end_acc": 0.6614947965941343,
  "validation_span_acc": 0.5358561967833491,
  "validation_em": 0.6597918637653737,
  "validation_f1": 0.7611950817587347,
  "validation_loss": 2.639033537540796,
  "best_validation_start_acc": 0.624314096499527,
  "best_validation_end_acc": 0.6614947965941343,
  "best_validation_span_acc": 0.5358561967833491,
  "best_validation_em": 0.6597918637653737,
  "best_validation_f1": 0.7611950817587347,
  "best_validation_loss": 2.639033537540796
}