{
  "best_epoch": 17,
  "peak_cpu_memory_MB": 7638.652,
  "peak_gpu_0_memory_MB": 8591,
  "training_duration": "03:08:19",
  "training_start_epoch": 0,
  "training_epochs": 17,
  "epoch": 17,
  "training_start_acc": 0.7589698512540097,
  "training_end_acc": 0.8054201531980959,
  "training_span_acc": 0.66746195732828,
  "training_em": 0.725932944440005,
  "training_f1": 0.8559079076146714,
  "training_loss": 1.3825898588792374,
  "training_cpu_memory_MB": 7638.652,
  "training_gpu_0_memory_MB": 8591,
  "validation_start_acc": 0.6230842005676442,
  "validation_end_acc": 0.6608325449385052,
  "validation_span_acc": 0.539356669820246,
  "validation_em": 0.663197729422895,
  "validation_f1": 0.7633303600339715,
  "validation_loss": 2.9605055620085516,
  "best_validation_start_acc": 0.6230842005676442,
  "best_validation_end_acc": 0.6608325449385052,
  "best_validation_span_acc": 0.539356669820246,
  "best_validation_em": 0.663197729422895,
  "best_validation_f1": 0.7633303600339715,
  "best_validation_loss": 2.9605055620085516
}