{
  "best_epoch": 17,
  "peak_cpu_memory_MB": 7638.652,
  "peak_gpu_0_memory_MB": 8591,
  "training_duration": "03:29:02",
  "training_start_epoch": 0,
  "training_epochs": 19,
  "epoch": 19,
  "training_start_acc": 0.7712759278073951,
  "training_end_acc": 0.8166988207627941,
  "training_span_acc": 0.6811150812223884,
  "training_em": 0.7389924542517609,
  "training_f1": 0.8661336879796264,
  "training_loss": 1.2937520499370958,
  "training_cpu_memory_MB": 7638.652,
  "training_gpu_0_memory_MB": 8591,
  "validation_start_acc": 0.6214758751182592,
  "validation_end_acc": 0.6550614947965941,
  "validation_span_acc": 0.5354777672658467,
  "validation_em": 0.659508041627247,
  "validation_f1": 0.7597478656097091,
  "validation_loss": 3.0427282117447763,
  "best_validation_start_acc": 0.6230842005676442,
  "best_validation_end_acc": 0.6608325449385052,
  "best_validation_span_acc": 0.539356669820246,
  "best_validation_em": 0.663197729422895,
  "best_validation_f1": 0.7633303600339715,
  "best_validation_loss": 2.9605055620085516
}