{
  "best_epoch": 13,
  "peak_cpu_memory_MB": 7638.652,
  "peak_gpu_0_memory_MB": 8591,
  "training_duration": "02:26:58",
  "training_start_epoch": 0,
  "training_epochs": 13,
  "epoch": 13,
  "training_start_acc": 0.7160013242160299,
  "training_end_acc": 0.7618237651114739,
  "training_span_acc": 0.6194020479685841,
  "training_em": 0.679631046016507,
  "training_f1": 0.8182375106967228,
  "training_loss": 1.7141786204353315,
  "training_cpu_memory_MB": 7638.652,
  "training_gpu_0_memory_MB": 8591,
  "validation_start_acc": 0.622232734153264,
  "validation_end_acc": 0.6617786187322611,
  "validation_span_acc": 0.5363292336802271,
  "validation_em": 0.6613055818353831,
  "validation_f1": 0.7641595248736788,
  "validation_loss": 2.7759189862125324,
  "best_validation_start_acc": 0.622232734153264,
  "best_validation_end_acc": 0.6617786187322611,
  "best_validation_span_acc": 0.5363292336802271,
  "best_validation_em": 0.6613055818353831,
  "best_validation_f1": 0.7641595248736788,
  "best_validation_loss": 2.7759189862125324
}