{
  "best_epoch": 6,
  "peak_cpu_memory_MB": 7637.884,
  "peak_gpu_0_memory_MB": 8591,
  "training_duration": "01:14:34",
  "training_start_epoch": 0,
  "training_epochs": 6,
  "epoch": 6,
  "training_start_acc": 0.6483293188278405,
  "training_end_acc": 0.692051279124191,
  "training_span_acc": 0.5481569424308497,
  "training_em": 0.6056233518647474,
  "training_f1": 0.752830079669768,
  "training_loss": 2.263424127395839,
  "training_cpu_memory_MB": 7637.884,
  "training_gpu_0_memory_MB": 8591,
  "validation_start_acc": 0.6192999053926206,
  "validation_end_acc": 0.6563859981078524,
  "validation_span_acc": 0.5317880794701987,
  "validation_em": 0.6576158940397351,
  "validation_f1": 0.7599025791942371,
  "validation_loss": 2.5945698445698,
  "best_validation_start_acc": 0.6192999053926206,
  "best_validation_end_acc": 0.6563859981078524,
  "best_validation_span_acc": 0.5317880794701987,
  "best_validation_em": 0.6576158940397351,
  "best_validation_f1": 0.7599025791942371,
  "best_validation_loss": 2.5945698445698
}