{
  "best_epoch": 8,
  "peak_cpu_memory_MB": 7637.884,
  "peak_gpu_0_memory_MB": 8591,
  "training_duration": "01:35:13",
  "training_start_epoch": 0,
  "training_epochs": 8,
  "epoch": 8,
  "training_start_acc": 0.6676446078151577,
  "training_end_acc": 0.710658797474857,
  "training_span_acc": 0.5672895809312891,
  "training_em": 0.6248815625749152,
  "training_f1": 0.770228861904912,
  "training_loss": 2.101245717561408,
  "training_cpu_memory_MB": 7637.884,
  "training_gpu_0_memory_MB": 8591,
  "validation_start_acc": 0.6226111636707663,
  "validation_end_acc": 0.6605487228003785,
  "validation_span_acc": 0.5363292336802271,
  "validation_em": 0.659035004730369,
  "validation_f1": 0.7587367181452783,
  "validation_loss": 2.617451014608707,
  "best_validation_start_acc": 0.6226111636707663,
  "best_validation_end_acc": 0.6605487228003785,
  "best_validation_span_acc": 0.5363292336802271,
  "best_validation_em": 0.659035004730369,
  "best_validation_f1": 0.7587367181452783,
  "best_validation_loss": 2.617451014608707
}