{
  "best_epoch": 9,
  "peak_cpu_memory_MB": 7637.884,
  "peak_gpu_0_memory_MB": 8591,
  "training_duration": "01:55:57",
  "training_start_epoch": 0,
  "training_epochs": 10,
  "epoch": 10,
  "training_start_acc": 0.6790146006232948,
  "training_end_acc": 0.7233530063128575,
  "training_span_acc": 0.5798125549378418,
  "training_em": 0.6391168848959463,
  "training_f1": 0.7819242357684384,
  "training_loss": 2.000868514357092,
  "training_cpu_memory_MB": 7637.884,
  "training_gpu_0_memory_MB": 8591,
  "validation_start_acc": 0.6208136234626301,
  "validation_end_acc": 0.6568590350047304,
  "validation_span_acc": 0.5301797540208136,
  "validation_em": 0.6498580889309367,
  "validation_f1": 0.7561260437433897,
  "validation_loss": 2.6685543897016992,
  "best_validation_start_acc": 0.624314096499527,
  "best_validation_end_acc": 0.6614947965941343,
  "best_validation_span_acc": 0.5358561967833491,
  "best_validation_em": 0.6597918637653737,
  "best_validation_f1": 0.7611950817587347,
  "best_validation_loss": 2.639033537540796
}